Index,Study_ID,Cohort_ID,Ex_ID,Comparisons,Comparison_structure,Co_manipulation,Species,Strain,Sex,Induced_model,Music_type,Genre,Control,Assays,n_effect_sizes
1,Camargo_2013_PSYN,Camargo_2013_PSYN_ex001,ex001,0.silence_0.music,Independent,None,Rat,Wistar,Male,None/innate,classical,Western Art Music / Orchestral,ambiet sound,Elevated Plus Maze; Open Field Test,10
2,Chen_2019_BIOMEDRI,Chen_2019_BIOMEDRI_ex001,ex001,control.prior_music.prior; contro.after_music.after,Independent,No; Yes,Rat,Sprague Dawley,Male,Fear conditioning,classical,Western Art Music / Orchestral,ambiet sound,Elevated Plus Maze; Open Field Test,6
3,Chen_2019_BIOMEDRI,Chen_2019_BIOMEDRI_ex002,ex002,control.prior_music.prior; contro.after_music.after,Independent,No; Yes,Rat,Sprague Dawley,Female,Fear conditioning,classical,Western Art Music / Orchestral,ambiet sound,Elevated Plus Maze; Open Field Test,6
4,Cheng_2024_HLYN,Cheng_2024_HLYN_ex001,ex001,CUMS_light,Independent,CUMS,Mouse,ICR,Male,Chronic Unpredictable Mild Stress,Light,Mixed,ambiet sound,Sucrose Preference Test (SPT); Forced Swim Test (FST); Open Field Test,4
5,Cheng_2024_HLYN,Cheng_2024_HLYN_ex002,ex002,CUMS_Classical,Independent,CUMS,Mouse,ICR,Male,Chronic Unpredictable Mild Stress,classical,Western Art Music / Orchestral,ambiet sound,Sucrose Preference Test (SPT); Forced Swim Test (FST); Open Field Test,4
6,Cheng_2024_HLYN,Cheng_2024_HLYN_ex003,ex003,CUMS_Atonal,Independent,CUMS,Mouse,ICR,Male,Chronic Unpredictable Mild Stress,Atonal,Western Art Music / Orchestral,ambiet sound,Sucrose Preference Test (SPT); Forced Swim Test (FST); Open Field Test,4
7,Cheng_2024_HLYN,Cheng_2024_HLYN_ex004,ex004,CUMS_ROCK,Independent,CUMS,Mouse,ICR,Male,Chronic Unpredictable Mild Stress,Rock,Popular Contemporary Music,ambiet sound,Sucrose Preference Test (SPT); Forced Swim Test (FST); Open Field Test,4
8,Chikahisa_2007_BBR,Chikahisa_2007_BBR_ex001,ex001,SILENCE_MUSIC,Independent,No,Mouse,Slc:ddY,Female,None/innate,classical,Western Art Music / Orchestral,ambiet sound,Elevated Plus Maze,4
9,Chikahisa_2007_BBR,Chikahisa_2007_BBR_ex002,ex002,WHITENOISE_MUSIC,Independent,No,Mouse,Slc:ddY,Female,None/innate,classical,Western Art Music / Orchestral,white noise,Elevated Plus Maze,4
10,Chikahisa_2007_BBR,Chikahisa_2007_BBR_ex003,ex003,SILENCE_MUSIC,Independent,No,Mouse,Slc:ddY,Male,None/innate,classical,Western Art Music / Orchestral,ambiet sound,Elevated Plus Maze,4
11,Chikahisa_2007_BBR,Chikahisa_2007_BBR_ex004,ex004,WHITENOISE_MUSIC,Independent,No,Mouse,Slc:ddY,Male,None/innate,classical,Western Art Music / Orchestral,white noise,Elevated Plus Maze,4
12,Chikahisa_2007_BBR,Chikahisa_2007_BBR_ex005,ex005,SILENCE_MUSIC,Independent,Yes,Mouse,Slc:ddY,Female,None/innate,classical,Western Art Music / Orchestral,ambiet sound,Open Field Test; Elevated Plus Maze; Light-Dark Box; Marble burying,9
13,Chikahisa_2007_BBR,Chikahisa_2007_BBR_ex006,ex006,WHITENOISE_MUSIC,Independent,Yes,Mouse,Slc:ddY,Female,None/innate,classical,Western Art Music / Orchestral,white noise,Open Field Test; Elevated Plus Maze; Light-Dark Box; Marble burying,9
14,Chikahisa_2007_BBR,Chikahisa_2007_BBR_ex007,ex007,SILENCE_MUSIC,Independent,Yes,Mouse,Slc:ddY,Female,None/innate,classical,Western Art Music / Orchestral,ambiet sound,Open Field Test; Elevated Plus Maze; Light-Dark Box; Marble burying,10
15,Chikahisa_2007_BBR,Chikahisa_2007_BBR_ex008,ex008,WHITENOISE_MUSIC,Independent,Yes,Mouse,Slc:ddY,Female,None/innate,classical,Western Art Music / Orchestral,white noise,Open Field Test; Elevated Plus Maze; Light-Dark Box; Marble burying,10
16,Escribano_2014_APPANBSC,Escribano_2014_APPANBSC_ex001,ex001,SILENCE_MUSIC,Independent,No,Rat,Wistar,Female,None/innate,classical,Western Art Music / Orchestral,ambiet sound,Elevated Plus Maze; Light-Dark Box,4
17,Escribano_2014_APPANBSC,Escribano_2014_APPANBSC_ex002,ex002,WHITE.NOISE_MUSIC,Independent,No,Rat,Wistar,Female,None/innate,classical,Western Art Music / Orchestral,white noise,Elevated Plus Maze; Light-Dark Box,4
18,Escribano_2014_APPANBSC,Escribano_2014_APPANBSC_ex003,ex003,SILENCE_MUSIC,Independent,Ovariectomized,Rat,Wistar,Female,None/innate,classical,Western Art Music / Orchestral,ambiet sound,Elevated Plus Maze; Light-Dark Box,4
19,Escribano_2014_APPANBSC,Escribano_2014_APPANBSC_ex004,ex004,WHITE.NOISE_MUSIC,Independent,Ovariectomized,Rat,Wistar,Female,None/innate,classical,Western Art Music / Orchestral,white noise,Elevated Plus Maze; Light-Dark Box,4
20,Escribano_2014_APPANBSC,Escribano_2014_APPANBSC_ex007,ex007,SILENCE_MUSIC,Independent,DMSO Dimethylsulphoxide,Rat,Wistar,Female,None/innate,classical,Western Art Music / Orchestral,ambiet sound,Elevated Plus Maze; Light-Dark Box,4
21,Escribano_2014_APPANBSC,Escribano_2014_APPANBSC_ex008,ex008,WHITE.NOISE_MUSIC,Independent,DMSO Dimethylsulphoxide,Rat,Wistar,Female,None/innate,classical,Western Art Music / Orchestral,white noise,Elevated Plus Maze; Light-Dark Box,4
22,Flores_2018_NP,Flores_2018_NP_ex001,ex001,NH-NoPAS/FST-NoPAS_NH-NoPAS/FST+PAS,Independent,No,Mouse,BALB/c,Male,None/innate,classical,Western Art Music / Orchestral,ambiet sound,Forced Swim Test (FST),3
23,Flores_2018_NP,Flores_2018_NP_ex002,ex002,NH-NoPAS/FST-NoPAS_NH+PAS/FST-NoPAS,Independent,No,Mouse,BALB/c,Male,None/innate,classical,Western Art Music / Orchestral,ambiet sound,Forced Swim Test (FST),3
24,Flores_2018_NP,Flores_2018_NP_ex003,ex003,NH-NoPAS/FST-NoPAS_NH+PAS/FST+PAS,Independent,No,Mouse,BALB/c,Male,None/innate,classical,Western Art Music / Orchestral,ambiet sound,Forced Swim Test (FST),3
25,Flores_2018_NP,Flores_2018_NP_ex004,ex004,ENR-NoPAS/FST-NoPAS_ENR-NoPAS/FST+PAS,Independent,No,Mouse,BALB/c,Male,None/innate,classical,Western Art Music / Orchestral,ambiet sound,Forced Swim Test (FST),3
26,Flores_2018_NP,Flores_2018_NP_ex005,ex005,ENR-NoPAS/FST-NoPAS_ENR+PAS/FST-NoPAS,Independent,No,Mouse,BALB/c,Male,None/innate,classical,Western Art Music / Orchestral,ambiet sound,Forced Swim Test (FST),3
27,Flores_2018_NP,Flores_2018_NP_ex006,ex006,ENR-NoPAS/FST-NoPAS_ENR+PAS/FST+PAS,Independent,No,Mouse,BALB/c,Male,None/innate,classical,Western Art Music / Orchestral,ambiet sound,Forced Swim Test (FST),3
28,Freitas_2020_ECNE,Freitas_2020_ECNE_ex001,ex001,IENM_IECM,Independent,No,Mouse,BALB/c,Female,None/innate,classical,Western Art Music / Orchestral,ambiet sound,Open Field Test; Elevated Plus Maze,7
29,Freitas_2020_ECNE,Freitas_2020_ECNE_ex002,ex002,EENM_EECM,Independent,Environmental enrichment,Mouse,BALB/c,Female,None/innate,classical,Western Art Music / Orchestral,ambiet sound,Open Field Test; Elevated Plus Maze,6
30,Fu_2023_TRANSPSY,Fu_2023_TRANSPSY_ex001,ex001,control_music,Independent,No,Mouse,C57BL/6,Male,None/innate,mixed,Mixed,ambiet sound,Open Field Test; Novelty Suppressed Feeding (NSF); Elevated Plus Maze; Tail Suspension Test (TST); Sucrose Preference Test (SPT),6
31,Fu_2023_TRANSPSY,Fu_2023_TRANSPSY_ex002,ex002,CUMS_CUMS+MUSIC,Independent,Maternal separation,Mouse,C57BL/6,Male,Maternal Separation,mixed,Mixed,ambiet sound,Open Field Test; Novelty Suppressed Feeding (NSF); Elevated Plus Maze; Tail Suspension Test (TST); Sucrose Preference Test (SPT),6
32,Fu_2025_TRANSPSY,Fu_2025_TRANSPSY_ex001,ex001,SHAM_SHAM+MUSIC,Independent,No,Mouse,BALB/c,Female,None/innate,mixed,Mixed,ambiet sound,Open Field Test; Forced Swim Test (FST); Elevated Plus Maze; Novelty Suppressed Feeding (NSF); Tail Suspension Test (TST),6
33,Krishnamurthy_2025_INDIANJTRADITKNOW,Krishnamurthy_2025_INDIANJTRADITKNOW_ex001,ex001,CUMS_CUMS+MUSIC,Independent,CUMS,Rat,Wistar,Male,Chronic Unpredictable Mild Stress,classical,Traditional Music / Folk / World,ambiet sound,Elevated Plus Maze; Sucrose Preference Test (SPT); Forced Swim Test (FST),10
34,Li_2010_BR,Li_2010_BR_ex001,ex001,wild.ambient_wild.music; wild.wnwild.music,Independent,No,Mouse,C57BL/6,Male,None/innate,mixed,Mixed,ambiet sound; white noise,Open Field Test; Elevated Plus Maze,4
35,Li_2010_BR,Li_2010_BR_ex002,ex002,wild.ambient_wild.music; wild.wnwild.music,Independent,No,Mouse,C57BL/6,Male,None/innate,mixed,Mixed,ambiet sound; white noise,Open Field Test; Elevated Plus Maze,4
36,Milbratz_2017_ALN,Milbratz_2017_ALN_ex001,ex001,CG_MG,Independent,Placebo: starch,Rat,Wistar,Male,None/innate,classical,Western Art Music / Orchestral,ambiet sound,Open Field Test,9
37,Milbratz_2017_ALN,Milbratz_2017_ALN_ex002,ex002,CPG_CPMG,Independent,Cocoa powder,Rat,Wistar,Male,None/innate,classical,Western Art Music / Orchestral,ambiet sound,Open Field Test,9
38,Niehues_2011_BCNEURO,Niehues_2011_BCNEURO_ex001,ex001,SILENCE_MUSIC,Independent,No,Rat,Wistar,Male,None/innate,classical,Western Art Music / Orchestral,ambiet sound,Elevated Plus Maze; Open Field Test,9
39,Pangemanan_2024_PHJ,Pangemanan_2024_PHJ_ex001,ex001,CUMS_CUMS+MUSIC,Independent,CUMS,Rat,Wistar,Male,Chronic Unpredictable Mild Stress,classical,Western Art Music / Orchestral,ambiet sound,Sucrose Preference Test (SPT),1
40,Papadakakis_2019_BBR,Papadakakis_2019_BBR_ex001,ex001,CGambient.noise_CGMozart,Independent,Maternal separation,Rat,Sprague Dawley,Male,None/innate,classical,Western Art Music / Orchestral,ambiet sound,Elevated Plus Maze; Forced Swim Test (FST),9
41,Papadakakis_2019_BBR,Papadakakis_2019_BBR_ex002,ex002,MSambient.noise_MSMozart,Independent,Maternal separation,Rat,Sprague Dawley,Male,Maternal Separation,classical,Western Art Music / Orchestral,ambiet sound,Elevated Plus Maze; Forced Swim Test (FST),9
42,Ren_2024_ASEAN,Ren_2024_ASEAN_ex001,ex001,WT_HH,Independent,No,Mouse,C57BL/6,Male,None/innate,hip hop,Popular Contemporary Music,ambiet sound,Sucrose Preference Test (SPT); Tail Suspension Test (TST); Forced Swim Test (FST); Nest building; Elevated Plus Maze; Open Field Test,8
43,Ren_2024_ASEAN,Ren_2024_ASEAN_ex002,ex002,WT_HM,Independent,No,Mouse,C57BL/6,Male,None/innate,heavy metal,Popular Contemporary Music,ambiet sound,Sucrose Preference Test (SPT); Tail Suspension Test (TST); Forced Swim Test (FST); Nest building; Elevated Plus Maze; Open Field Test,8
44,Rizzolo_2021_CC,Rizzolo_2021_CC_ex001,ex001,19WN_19_M; 23_WN_23_M,Independent,No,Rat,Wistar,Male,None/innate,classical,Western Art Music / Orchestral,white noise,Elevated Plus Maze,2
45,Saghari_2021_BIOINTERFACE,Saghari_2021_BIOINTERFACE_ex001,ex001,control_music,Independent,No,Rat,Wistar,Male,None/innate,classical,Western Art Music / Orchestral,ambiet sound,Open Field Test,4
46,Saghari_2021_BIOINTERFACE,Saghari_2021_BIOINTERFACE_ex002,ex002,ptsd_ptsd.music,Independent,PTSD,Rat,Wistar,Male,Single Prolong Stress,classical,Western Art Music / Orchestral,ambiet sound,Open Field Test,4
47,Sampaio_2017_PSYNEURO,Sampaio_2017_PSYNEURO_ex001,ex001,control_music.therapy,Dependent,No,Rat,Wistar,Male,None/innate,classical,Western Art Music / Orchestral,ambiet sound,Open Field Test; Elevated Plus Maze; Forced Swim Test (FST),20
48,Sampaio_2017_PSYNEURO,Sampaio_2017_PSYNEURO_ex002,ex002,control_music.therapy,Dependent,No,Rat,Wistar,Female,None/innate,classical,Western Art Music / Orchestral,ambiet sound,Open Field Test; Elevated Plus Maze; Forced Swim Test (FST),20
49,Terzioglu_2020_CMJ,Terzioglu_2020_CMJ_ex001,ex001,control_Classical; control_rock; control_sufi,Independent,No,Rat,Wistar,Mixed,None/innate,classical; Rock; sufi,Western Art Music / Orchestral; Popular Contemporary Music; Traditional Music / Folk / World,ambiet sound,Tail Suspension Test (TST),3
